question,response
anxious,"It’s okay to feel this way. Try to take a few deep breaths and focus on the present moment. Anxiety can feel heavy, but it’s temporary."
anxiety,"During anxiety attacks, grounding techniques help — like focusing on 5 things you can see, 4 you can touch, 3 you can hear, 2 you can smell, 1 you can taste."
nervous,"Sometimes our body reacts even when our mind doesn’t understand why. It can be due to stress, lack of rest, or overthinking. You’re not alone — anxiety is treatable."
panic,"Take a moment to breathe. Try to name five things you can see — it helps you return to the present moment. You are safe."
overwhelmed,"It’s okay to feel overwhelmed. You’ve been handling a lot — take one thing at a time, gently."
stress,"You might be carrying too much. Try to pause, stretch your shoulders, or listen to calm music for a minute."
worried,"It’s natural to worry sometimes, but don’t let your thoughts spiral. Try writing them down — it helps you feel lighter."
tired,"That sounds very hard. When we feel like this, even small steps matter. It’s okay to rest."
exhausted,"You’ve been trying your best. Please give yourself permission to rest — your body and mind deserve it."
sleep,"That must be exhausting. Try a slow breathing exercise — inhale for 4 seconds, hold for 4, exhale for 6. It helps relax the body before sleep."
insomnia,"It’s tough not being able to sleep. Try turning off screens early and dimming lights — it helps your mind slow down."
scared,"You’re safe right now. Sometimes the mind sends false alarms. Let’s take slow breaths together."
fear,"Fear is powerful but temporary. You’re stronger than the moment — breathe through it, one second at a time."
sad,"I’m really sorry you’re feeling this way. Sometimes sadness lingers longer than it should, but remember — your feelings are valid, and healing takes time."
lonely,"Loneliness can feel heavy. But you’re not alone — I’m here to listen to you anytime. 💛"
empty,"Feeling empty can happen when we’re emotionally drained or disconnected. You don’t have to face it alone."
hopeless,"You’re not alone, and your life has meaning. Things can get better, step by step. Please reach out to someone you trust or a counselor."
broken,"Broken doesn’t mean useless — it means you’ve been through something strong. You can rebuild yourself gently."
depressed,"Persistent sadness, loss of interest, tiredness, and sleep issues can be signs. It’s best to talk to a counselor for a proper diagnosis."
cry,"Crying is your body’s way of releasing stress and pain. It’s completely okay. You’re not weak — you’re human."
angry,"Anger is often a signal that something inside needs care. Try expressing it safely — like writing or talking about it."
frustrated,"It’s okay to feel frustrated. Step back for a moment, breathe, and remind yourself that this moment will pass."
disappointed,"I understand. It’s painful when things don’t go as planned, but it doesn’t mean you’ve failed — you’re still trying, and that matters."
lost,"It’s okay to not have all the answers right now. Sometimes getting lost helps us find what really matters."
confused,"It’s normal to feel uncertain. Give yourself time — clarity often comes when you stop forcing it."
worthless,"You are valuable, no matter how you feel right now. Your existence has purpose, even if you can’t see it today."
useless,"You’re not useless — you’re just tired and hurt. You deserve kindness and care."
giving up,"Please don’t face it alone — talk to someone you trust or a helpline. You matter deeply, and your life is precious."
suicidal,"I’m really sorry you feel like this. You are not alone — please reach out to a trusted person or helpline right now. You deserve support and care."
overthink,"Because your mind is trying to protect you from danger — but it’s working overtime. Try journaling or focusing on your breath to slow it down."
mind racing,"When thoughts keep spinning, grounding helps. Focus on what’s around you right now — it brings calm."
body,"Your worth is not defined by your body. You’re beautiful and deserving of kindness — especially from yourself."
hate myself,"That’s a painful thought. Please be gentle with yourself — you deserve love and understanding, not punishment."
insecure,"Everyone feels insecure sometimes. It doesn’t define you — you’re enough just as you are."
bipolar,"Mood swings can be intense, but help is available. Therapy and medication can really help stabilize it."
voices,"Hearing voices can be scary. You’re not alone, and this can happen in conditions like schizophrenia or severe stress. It’s important to talk to a doctor or therapist."
forget,"It’s okay. Memory issues can happen due to stress, tiredness, or conditions like dementia."
dementia,"Dementia affects memory and behavior. It doesn’t define you — with support, many still live meaningful lives."
eating,"That sounds tough. It could be linked to stress or an eating disorder. Nourishing your body is important."
body image,"You deserve to love yourself as you are. Perfection isn’t real — kindness to yourself is."
negative,"Negative thoughts can be powerful, but they’re not facts. Try to challenge them gently and replace them with small positives."
care,"I do — and there are people who would too if they knew your pain. Sometimes care hides in quiet places."
mental,"Absolutely. Talking helps release emotions and gives clarity. Even small conversations can start healing."
help,"It’s brave to ask for help. That’s a strong step — you don’t have to do this alone."
friend,"Friends can really help us heal. Try reaching out — connection is medicine."
family,"Families can be complicated. Remember, you still deserve love and understanding even if they don’t show it."
thank you,"You’re very welcome 💚 I’m glad I could be here for you."
thanks,"Anytime 🌼 I’m here to listen and support you."
okay,"I’m glad to hear that. Remember to check in with yourself often — how are you feeling right now?"
love,"Love can heal, but it can also hurt. Be gentle with your heart — it’s learning, too."
relationship,"Relationships take patience and honesty. Communicate openly, and don’t forget your own needs."
breathe,"Yes, take a slow breath in... and out. You’re doing great — keep going."
calm,"Peace starts with your breath. Let’s slow down for a moment together."
motivation,"You’re capable of more than you think. Small steps count — progress is progress."
happy,"I’m glad to hear that! 😊 Keep doing what makes your heart feel light."
joy,"That’s wonderful! Savor that happiness — you deserve more of it."
bored,"Boredom can be a signal your mind needs stimulation. Try something creative — draw, write, or walk."
what is mental health,"Mental health refers to our emotional, psychological, and social well-being. It affects how we think, feel, and act. It also helps determine how we handle stress, relate to others, and make choices."
what is mental disorder,"A mental disorder is a condition that affects the way a person thinks, feels, behaves, or relates to others. It can cause distress or problems in daily functioning, but it’s treatable with the right help."
symptoms of depression,"Common symptoms include persistent sadness, loss of interest in activities, fatigue, changes in sleep or appetite, difficulty concentrating, and feelings of worthlessness or guilt."
symptoms of anxiety,"Anxiety symptoms include excessive worry, restlessness, fast heartbeat, sweating, trembling, difficulty focusing, and trouble sleeping."
symptoms of bipolar disorder,"Bipolar disorder causes mood swings between high energy (mania) and low energy (depression). Symptoms may include rapid speech, impulsivity, extreme mood changes, and trouble sleeping."
symptoms of schizophrenia,"Symptoms can include hallucinations (hearing or seeing things that aren’t real), delusions (false beliefs), disorganized speech, and lack of motivation."
symptoms of PTSD,"PTSD (Post-Traumatic Stress Disorder) symptoms include flashbacks, nightmares, avoiding reminders of trauma, being easily startled, and feeling tense or irritable."
symptoms of OCD,"OCD (Obsessive-Compulsive Disorder) symptoms include unwanted repetitive thoughts (obsessions) and behaviors (compulsions) like checking or cleaning repeatedly."
symptoms of eating disorder,"Eating disorder symptoms include extreme focus on body weight or shape, restricting food, binge eating, vomiting, or over-exercising."
symptoms of insomnia,"Insomnia symptoms include difficulty falling asleep, waking up often during the night, or feeling tired even after sleeping."
symptoms of ADHD,"ADHD symptoms include trouble focusing, impulsivity, restlessness, forgetfulness, and difficulty staying organized."
symptoms of stress,"Stress can cause headaches, muscle tension, fatigue, irritability, difficulty sleeping, and problems concentrating."
symptoms of burnout,"Burnout symptoms include emotional exhaustion, loss of motivation, irritability, and feeling detached from work or people."
symptoms of panic attack,"A panic attack causes sudden intense fear, racing heart, shortness of breath, sweating, shaking, and dizziness — even when there’s no real danger."
symptoms of social anxiety,"Social anxiety symptoms include fear of judgment, avoiding social situations, sweating, blushing, trembling, and nausea in social settings."
symptoms of dementia,"Dementia symptoms include memory loss, confusion, difficulty communicating, and changes in mood or behavior."
symptoms of borderline personality disorder,"Symptoms include unstable relationships, intense emotions, fear of abandonment, impulsive behavior, and frequent mood changes."
symptoms of PTSD,"PTSD symptoms include flashbacks, nightmares, feeling jumpy, avoiding reminders of the trauma, and emotional numbness."
symptoms of trauma,"Emotional trauma can cause anxiety, flashbacks, nightmares, emotional numbness, or avoiding reminders of the event."
symptoms of loneliness,"Loneliness symptoms include feeling isolated, sad, unmotivated, or disconnected from others, even when not physically alone."
symptoms of depression vs sadness,"Sadness is temporary and related to specific events, while depression lasts longer (2 weeks or more) and affects daily life, motivation, and self-worth."
what is therapy,"Therapy (or counseling) is a safe space to talk to a professional who helps you understand and manage your emotions, thoughts, and behaviors."
what is psychologist,"A psychologist is a mental health professional who helps people understand and manage emotional or behavioral problems through therapy."
what is psychiatrist,"A psychiatrist is a medical doctor who diagnoses mental disorders and can prescribe medication to help manage symptoms."
what is counseling,"Counseling is professional guidance to help you deal with emotional, social, or personal issues in a supportive environment."
what is emotional health,"Emotional health means being aware of your feelings, coping with stress effectively, and maintaining balance in relationships and emotions."
what is mindfulness,"Mindfulness means being fully present in the moment — paying attention to your thoughts and surroundings without judgment."
what is self care,"Self-care means taking time to rest, eat well, move your body, and do things that bring you peace and joy."
how to deal with anxiety,"Try grounding yourself in the present. Focus on your breath — inhale deeply for 4 seconds, hold for 4, and exhale for 6. Journaling, slow walks, calming music, or talking to someone you trust can also help. If anxiety stays long, professional help can make a big difference."
how to stop overthinking,"Overthinking happens when your mind feels unsafe. Try writing your thoughts down, or set a ‘thinking time’ — like 10 minutes — and stop after that. Remind yourself: not every thought needs a solution right now."
how to calm panic attacks,"Start by slowing your breath — inhale for 4 seconds, hold for 4, and exhale for 6. Focus on 5 things you can see, 4 you can touch, 3 you can hear, 2 you can smell, and 1 you can taste. Tell yourself: ‘This will pass. I am safe right now.’"
how to stop anxiety attack,"Take deep, slow breaths. Sit somewhere safe and feel your feet on the ground. Remind yourself that the feeling is temporary. Try grounding exercises like naming things around you — they bring your mind back to the present."
how to control stress,"Break your tasks into smaller parts. Take small breaks, stretch, and listen to calm sounds. Try focusing on what you can control instead of what you can’t."
how to stop negative thoughts,"When a negative thought comes, don’t fight it — question it. Ask: ‘Is this thought a fact or just fear?’ Replace it gently with a more balanced one."
how to deal with sadness,"It’s okay to feel sad. Let your emotions flow — cry if you need to. Try doing something soothing, like listening to calm music, praying, or writing down what you feel."
how to cope with loneliness,"Try reaching out to a friend, family member, or even joining an online community. Sometimes small interactions — like helping someone or just chatting — can bring warmth back."
how to build confidence,"Start with small wins. Keep promises to yourself, learn something new, and speak kindly to yourself. Confidence grows with small, consistent actions."
how to focus while studying,"Keep your study area clean, remove distractions, and use the 25-5 rule: study for 25 minutes, then rest for 5. Drink water and stretch between breaks."
how to deal with failure,"Failure doesn’t define you — it teaches you. Reflect on what went wrong, adjust, and try again. Every successful person failed before they grew."
how to relax,"Lie down or sit comfortably, close your eyes, and take slow breaths. Try soft music, aromatherapy, or imagining a peaceful place like a beach or garden."
how to sleep better,"Avoid screens 1 hour before bed, keep your room dark, and follow a calm routine — like light stretching or reading. Slow breathing helps too."
how to deal with overthinking at night,"Write down everything bothering you before bed — it clears your mind. Focus on your breath or listen to calming sounds. Tell yourself: ‘I can think about this tomorrow.’"
how to control anger,"Step away for a moment, breathe deeply, and count to ten. Write or talk about what made you angry instead of reacting immediately."
how to stay motivated,"Set small, realistic goals and reward yourself after achieving them. Motivation grows from small progress, not perfection."
how to deal with fear,"Fear is a signal, not a sentence. Breathe, ground yourself, and take one small step toward what scares you. Each step weakens fear’s power."
how to manage stress during exams,"Make a simple schedule, take short breaks, and don’t forget to rest. Sleep, eat well, and remember — your best is enough."
how to be happy again,"Start with small joys — a walk, favorite song, or a good chat. Healing takes time, and small happy moments slowly rebuild your peace."
how to calm your mind,"Close your eyes and take slow breaths. Focus on your senses or repeat a calming phrase. Let thoughts come and go like clouds — you don’t have to chase them."
